,Store_Number,County,Sale_total_month
0,2106,Black Hawk,30523.75
1,2113,Webster,2065.9
2,2130,Black Hawk,27856.11
3,2152,Cerro Gordo,1376.43
4,2178,Allamakee,5588.5
5,2190,Polk,34515.69
6,2191,Lee,47338.2
7,2200,Sac,4174.87
8,2228,Madison,3086.38
9,2233,Dickinson,6522.65
10,2238,Polk,4197.66
11,2248,Polk,14524.18
12,2285,Johnson,12580.69
13,2290,Buena Vista,12846.93
14,2327,Adams,2196.57
15,2353,Howard,5235.86
16,2413,Dubuque,23355.03
17,2445,Pottawattamie,1423.37
18,2448,Warren,6738.18
19,2459,Guthrie,1824.69
20,2460,Franklin,6995.86
21,2465,Dubuque,5383.76
22,2475,Kossuth,4790.07
23,2478,Polk,4462.62
24,2498,Fayette,780.34
25,2500,Story,33836.19
26,2501,Story,29980.54
27,2502,Polk,19017.37
28,2505,Boone,14605.93
29,2506,Des Moines,33041.43
30,2507,Des Moines,6147.99
31,2508,Linn,23254.14
32,2509,Linn,9749.85
33,2512,Johnson,112518.79
34,2513,Johnson,17970.36
35,2514,Linn,5522.69
36,2515,Cerro Gordo,22169.46
37,2517,Jasper,16165.27
38,2518,Montgomery,6279.24
39,2521,Polk,25970.12
40,2522,Dickinson,17305.66
41,2523,Appanoose,11888.36
42,2524,Dubuque,25920.76
43,2527,Polk,10667.29
44,2528,Polk,17477.28
45,2529,Linn,6963.62
46,2532,Polk,11061.03
47,2535,Polk,11673.67
48,2536,Polk,13359.72
49,2538,Black Hawk,16386.69
50,2539,Hardin,14027.28
51,2543,Wapello,12512.07
52,2544,Marshall,30504.59
53,2545,Johnson,7880.18
54,2548,Polk,29272.08
55,2549,Warren,16286.12
56,2550,Clarke,3763.08
57,2551,Lucas,10015.29
58,2552,Linn,20516.91
59,2553,Union,6997.28
60,2554,Scott,4865.08
61,2555,Lee,17551.62
62,2556,Emmet,7278.12
63,2558,Henry,20680.81
64,2559,Monroe,2031.14
65,2560,Linn,18659.71
66,2561,Polk,25738.32
67,2562,Webster,14998.9
68,2564,Black Hawk,10800.62
69,2565,Clay,16250.33
70,2566,Marion,6734.91
71,2567,Scott,9150.3
72,2568,Linn,7560.49
73,2569,Linn,12818.44
74,2571,Black Hawk,23275.92
75,2572,Black Hawk,21168.75
76,2573,Muscatine,23487.54
77,2575,Black Hawk,3560.59
78,2576,Buena Vista,9695.4
79,2578,Floyd,13808.11
80,2579,Poweshiek,6117.93
81,2582,Cerro Gordo,13896.99
82,2584,Lee,8397.24
83,2585,Kossuth,15130.15
84,2587,Polk,14530.32
85,2588,Linn,15585.2
86,2590,Linn,24968.28
87,2591,Cass,12581.82
88,2592,Marshall,3701.45
89,2593,Carroll,21627.69
90,2594,Woodbury,19897.8
91,2595,Crawford,29151.01
92,2596,Wapello,2871.11
93,2597,Cherokee,3825.26
94,2600,Mahaska,5323.43
95,2601,Jefferson,14308.5
96,2602,Hamilton,9614.15
97,2603,Scott,25358.66
98,2604,Plymouth,15009.61
99,2605,Linn,20510.67
100,2606,Humboldt,9454.32
101,2607,Page,11693.51
102,2609,Story,1458.07
103,2611,Wapello,10047.41
104,2612,Dallas,4203.26
105,2613,Pottawattamie,27308.34
106,2614,Scott,39097.17
107,2616,Clinton,35819.83
108,2618,Linn,7701.0
109,2619,Polk,28845.9
110,2620,Polk,15953.4
111,2621,Woodbury,20311.34
112,2622,Johnson,14030.1
113,2623,Woodbury,15265.89
114,2624,Dubuque,18777.7
115,2625,Scott,39426.95
116,2626,Polk,19062.31
117,2627,Polk,18304.19
118,2628,Hardin,3230.97
119,2629,Pottawattamie,34738.31
120,2630,Polk,7710.71
121,2633,Polk,219551.79
122,2635,Scott,19836.1
123,2636,Polk,11498.47
124,2637,Scott,20891.09
125,2641,Pottawattamie,5759.12
126,2642,Marion,12817.15
127,2643,Black Hawk,14690.39
128,2644,Webster,27860.24
129,2647,Linn,20349.93
130,2648,Polk,34139.38
131,2649,Dubuque,13549.69
132,2650,Shelby,7754.07
133,2651,Bremer,20344.15
134,2652,Cerro Gordo,8924.69
135,2653,Washington,7685.36
136,2655,Page,2175.17
137,2656,Clayton,2240.16
138,2657,Taylor,1794.5
139,2658,Ringgold,939.8
140,2660,Sioux,5258.89
141,2661,O'Brien,6163.49
142,2662,Muscatine,8176.3
143,2663,Polk,29703.65
144,2665,Dallas,34855.47
145,2666,Polk,22354.02
146,2667,Woodbury,3441.41
147,2668,Decatur,750.7
148,2669,Wayne,1664.79
149,2670,Johnson,54701.99
150,2671,Greene,6660.76
151,2672,Madison,6222.72
152,2806,Clinton,8024.42
153,2835,Black Hawk,2625.54
154,2836,Black Hawk,546.23
155,2837,Black Hawk,1270.86
156,2838,Scott,750.78
157,2839,Scott,1154.31
158,2840,Scott,1210.53
159,2841,Linn,1791.72
160,2843,Linn,1803.03
161,2844,Johnson,2098.62
162,2845,Pottawattamie,536.88
163,2846,Linn,1684.0
164,2847,Linn,882.08
165,2848,Polk,1250.1
166,2849,Polk,495.84
167,2850,Polk,683.55
168,2851,Webster,765.61
169,2852,Polk,2673.52
170,2853,Story,2744.26
171,2854,Polk,572.91
172,3013,Davis,2044.7
173,3041,Jasper,1852.32
174,3045,Hancock,1538.62
175,3054,Poweshiek,1713.0
176,3056,Wright,1402.46
177,3065,Poweshiek,1565.13
178,3162,Muscatine,4900.64
179,3354,Scott,55227.36
180,3385,Linn,64605.54
181,3390,Dickinson,16669.54
182,3393,Mitchell,519.54
183,3400,Polk,8731.68
184,3403,Louisa,1796.13
185,3417,Iowa,9450.35
186,3420,Polk,50555.4
187,3443,Pottawattamie,7672.15
188,3447,Woodbury,75557.88
189,3456,Cerro Gordo,11640.67
190,3461,Adair,3686.68
191,3465,Guthrie,2019.61
192,3477,Pottawattamie,53213.22
193,3484,Cherokee,754.51
194,3488,Jackson,3589.47
195,3494,Black Hawk,37618.68
196,3495,Jones,8333.4
197,3514,Webster,7361.75
198,3521,Pottawattamie,6033.58
199,3524,Story,22000.98
200,3525,Washington,10531.06
201,3528,Cerro Gordo,3580.8
202,3540,Scott,3393.9
203,3542,Mitchell,3924.64
204,3549,Lee,4082.22
205,3562,Des Moines,12647.04
206,3563,Muscatine,9580.02
207,3565,Johnson,3551.49
208,3573,Wapello,16629.66
209,3576,O'Brien,1147.87
210,3582,Decatur,780.45
211,3584,Fayette,12768.78
212,3587,Lee,486.96
213,3591,Webster,1583.75
214,3592,Hardin,11605.5
215,3606,Grundy,2429.22
216,3611,Harrison,1489.8
217,3612,Jackson,14883.53
218,3618,Linn,10614.54
219,3621,O'Brien,6139.25
220,3622,Dickinson,7796.4
221,3624,Jasper,3028.44
222,3625,Polk,11230.26
223,3626,Clay,6007.02
224,3628,Linn,7352.28
225,3629,Pottawattamie,10636.44
226,3632,Dubuque,10153.38
227,3635,Boone,1278.79
228,3644,Polk,11125.8
229,3645,Polk,7353.36
230,3647,Clinton,7793.4
231,3648,Buchanan,778.83
232,3650,Ida,5954.38
233,3651,Warren,3612.18
234,3652,Ida,1901.44
235,3654,Wright,2394.38
236,3655,Woodbury,382.68
237,3656,Polk,3817.62
238,3660,Marion,1842.96
239,3663,Black Hawk,9899.04
240,3664,Worth,3034.0
241,3666,Linn,7310.7
242,3670,Johnson,12091.32
243,3676,Butler,658.53
244,3677,Clay,67.5
245,3678,Polk,3751.66
246,3679,Clayton,2830.94
247,3682,Kossuth,4482.76
248,3688,Chickasaw,1338.84
249,3690,Black Hawk,3362.38
250,3691,Polk,2793.54
251,3695,Plymouth,2431.38
252,3696,Polk,3008.58
253,3698,Polk,2257.9
254,3700,Pottawattamie,4780.2
255,3704,Palo Alto,8299.14
256,3705,Lyon,6066.01
257,3707,Linn,4543.14
258,3710,Louisa,1858.8
259,3712,Poweshiek,1981.88
260,3713,Cerro Gordo,7752.24
261,3715,Scott,4853.8
262,3717,Bremer,2510.46
263,3719,Marshall,4581.78
264,3721,Winneshiek,10792.92
265,3722,Woodbury,9604.62
266,3723,Monona,6404.17
267,3726,Wapello,6666.36
268,3728,Pottawattamie,10666.58
269,3731,Scott,10577.22
270,3732,Scott,5548.3
271,3735,Buchanan,4686.4
272,3738,Dubuque,2629.64
273,3740,Black Hawk,5929.62
274,3742,Plymouth,3741.12
275,3744,Dubuque,5593.86
276,3747,Keokuk,2898.41
277,3749,Buena Vista,3956.28
278,3756,Carroll,1489.54
279,3757,Woodbury,13975.02
280,3762,Polk,7304.9
281,3763,Sioux,2825.2
282,3766,Chickasaw,130.81
283,3769,Black Hawk,10626.06
284,3772,Polk,10185.88
285,3773,Linn,66202.79
286,3774,Dubuque,2665.62
287,3776,Scott,9287.52
288,3778,Polk,2863.85
289,3779,Webster,1676.12
290,3782,Clayton,2112.26
291,3783,Pocahontas,4561.96
292,3784,Buchanan,4816.36
293,3785,Polk,2989.03
294,3789,Mahaska,3536.22
295,3790,Henry,4619.7
296,3803,Clayton,1533.66
297,3805,Scott,9393.84
298,3806,Polk,6479.1
299,3808,Black Hawk,3191.1
300,3811,Lee,4353.46
301,3813,Ringgold,1532.34
302,3814,Dallas,63118.98
303,3816,Montgomery,2319.13
304,3818,Marion,4371.32
305,3819,Winneshiek,7703.96
306,3820,Woodbury,41398.82
307,3822,Johnson,1252.13
308,3825,Polk,4339.24
309,3826,Clarke,943.32
310,3829,Linn,5071.3
311,3830,Union,5499.96
312,3831,Boone,1514.25
313,3833,Cass,4377.24
314,3838,Iowa,10676.48
315,3841,Dubuque,803.48
316,3842,Kossuth,6864.75
317,3845,Webster,102.06
318,3849,Dubuque,3624.31
319,3853,Scott,2476.62
320,3855,Buena Vista,1319.05
321,3857,Allamakee,7069.83
322,3858,Scott,4772.75
323,3859,Buchanan,4498.38
324,3866,Story,3110.42
325,3868,Linn,11568.66
326,3869,Johnson,10155.24
327,3870,Polk,1444.26
328,3871,Polk,2881.2
329,3872,Dubuque,2028.12
330,3873,Johnson,2136.12
331,3876,Calhoun,1611.86
332,3877,Polk,1568.36
333,3879,Woodbury,1838.82
334,3880,Pottawattamie,1909.46
335,3881,Marshall,11918.88
336,3882,Scott,1136.42
337,3886,Jones,6639.48
338,3888,Poweshiek,2419.98
339,3889,Bremer,5879.7
340,3890,Linn,3366.09
341,3891,Palo Alto,1474.05
342,3894,Linn,2272.53
343,3896,Johnson,3576.07
344,3899,Polk,11355.66
345,3901,Webster,2209.08
346,3907,Muscatine,1450.37
347,3908,Lee,1295.76
348,3909,Marion,3111.35
349,3910,Washington,3612.18
350,3912,Linn,2860.99
351,3916,Wapello,1475.69
352,3917,Scott,4070.1
353,3918,Scott,1625.31
354,3920,Clinton,3170.04
355,3926,Johnson,20558.16
356,3928,Johnson,4318.28
357,3930,Fayette,2958.66
358,3932,Monona,6179.33
359,3934,Jackson,5223.12
360,3942,Tama,11939.54
361,3943,Story,4605.58
362,3944,Dubuque,6649.5
363,3947,Poweshiek,2138.0
364,3949,Marion,2108.94
365,3950,Iowa,1311.18
366,3952,Scott,59139.45
367,3957,Clayton,1094.49
368,3959,Dubuque,1293.32
369,3963,Pottawattamie,8990.36
370,3964,Buena Vista,1806.36
371,3968,Jasper,906.16
372,3972,Hardin,788.5
373,3980,Johnson,11244.36
374,3981,Sioux,7067.04
375,3986,Woodbury,9184.11
376,3987,Kossuth,2617.12
377,3989,Cherokee,3857.89
378,3990,Mahaska,8896.66
379,3993,Black Hawk,5477.26
380,3995,Black Hawk,10613.79
381,3997,Clarke,2118.24
382,4000,Harrison,1655.58
383,4001,Carroll,4607.82
384,4004,Story,9080.7
385,4006,Lyon,1748.04
386,4008,Woodbury,926.41
387,4010,Mills,2837.22
388,4011,Monroe,2477.02
389,4013,Cedar,604.56
390,4014,Crawford,4446.64
391,4015,Story,5206.5
392,4016,Grundy,831.54
393,4018,Iowa,919.91
394,4019,Delaware,6373.68
395,4021,Jefferson,4365.6
396,4023,Boone,5134.2
397,4024,Hardin,798.78
398,4025,Benton,2074.39
399,4027,Appanoose,3891.48
400,4034,Allamakee,1513.17
401,4042,Mills,1187.22
402,4046,Appanoose,1584.43
403,4051,Jackson,2342.73
404,4057,Polk,11434.07
405,4062,Polk,5731.92
406,4067,Wapello,1740.89
407,4068,Polk,5923.02
408,4069,Wapello,1742.03
409,4070,Benton,4975.44
410,4073,Winnebago,12220.53
411,4077,Black Hawk,3305.8
412,4081,Story,1255.67
413,4083,Polk,3718.97
414,4084,Polk,3286.47
415,4090,Buchanan,795.91
416,4091,Cerro Gordo,4369.76
417,4092,Warren,16880.58
418,4097,Crawford,1425.68
419,4098,Washington,2954.88
420,4102,Story,2267.22
421,4103,Story,6697.89
422,4104,Cerro Gordo,7465.65
423,4105,Story,3101.76
424,4106,Dubuque,1228.59
425,4107,Boone,3443.74
426,4110,Butler,4144.2
427,4114,Cass,3762.66
428,4116,Sac,1186.1
429,4118,Sac,2073.39
430,4119,Black Hawk,1810.98
431,4125,Louisa,1007.19
432,4126,Johnson,5443.14
433,4129,Story,19373.49
434,4130,Van Buren,1123.38
435,4131,Polk,5909.13
436,4132,Clinton,3537.66
437,4133,Hamilton,986.98
438,4134,Marion,1544.92
439,4135,Polk,1251.48
440,4136,Polk,3404.34
441,4137,Dallas,2943.92
442,4138,Warren,2148.52
443,4140,Polk,3916.32
444,4141,Polk,1040.1
445,4143,Chickasaw,790.5
446,4146,Bremer,2092.25
447,4147,Black Hawk,5419.97
448,4148,Buchanan,2487.56
449,4149,Crawford,2606.34
450,4150,Black Hawk,2167.16
451,4152,Harrison,3861.49
452,4153,Black Hawk,1444.36
453,4154,Linn,1937.15
454,4155,Linn,1405.0
455,4156,Fayette,5412.63
456,4157,Johnson,7664.53
457,4158,Carroll,3701.94
458,4159,Pottawattamie,10578.24
459,4160,Johnson,1597.83
460,4161,Johnson,1692.51
461,4162,Linn,6339.1
462,4163,Buena Vista,6166.0
463,4164,Scott,3947.25
464,4165,Polk,1855.17
465,4166,Buchanan,1864.67
466,4167,Dubuque,49909.26
467,4169,Polk,1912.59
468,4170,Cedar,841.14
469,4171,Dubuque,3829.88
470,4172,Hardin,2193.27
471,4173,O'Brien,1199.28
472,4176,Linn,2496.84
473,4177,Marshall,1545.2
474,4180,Linn,4293.85
475,4182,Dubuque,2554.79
476,4183,Winneshiek,6600.45
477,4184,Muscatine,3136.23
478,4185,Poweshiek,5220.18
479,4186,Polk,1786.61
480,4189,Delaware,3283.12
481,4190,Greene,1422.14
482,4191,Marion,10534.19
483,4192,Scott,868.92
484,4193,O'Brien,1742.31
485,4194,Jasper,2354.51
486,4195,Tama,1725.43
487,4196,Scott,3286.13
488,4197,Woodbury,3502.71
489,4200,Woodbury,1645.27
490,4201,Woodbury,2929.11
491,4202,Woodbury,2278.47
492,4203,Bremer,3070.12
493,4204,Clinton,1310.98
494,4205,Marshall,3599.09
495,4209,Polk,13367.28
496,4210,Buena Vista,258.72
497,4214,Black Hawk,5237.3
498,4222,Black Hawk,2512.92
499,4223,Black Hawk,1968.42
500,4228,Benton,4804.8
501,4229,Shelby,1826.2
502,4230,Polk,1655.72
503,4231,Plymouth,2521.68
504,4232,Appanoose,812.34
505,4233,Howard,4542.48
506,4234,Clay,2315.38
507,4235,Hamilton,3113.54
508,4236,Wright,2621.56
509,4239,Dickinson,4808.52
510,4246,Page,2162.98
511,4247,Wright,2857.68
512,4248,O'Brien,199.8
513,4249,Page,880.17
514,4250,Hardin,6398.82
515,4251,Story,3599.75
516,4252,Jones,2254.03
517,4253,Madison,2634.57
518,4254,Palo Alto,2483.63
519,4255,Sioux,16407.0
520,4256,Sioux,2672.97
521,4258,Des Moines,1536.65
522,4260,Clarke,4503.9
523,4265,Black Hawk,7139.5
524,4266,Page,1545.36
525,4267,Cass,1187.69
526,4268,Kossuth,1472.71
527,4269,Cedar,13124.97
528,4271,Appanoose,1656.96
529,4272,Emmet,1199.1
530,4273,Polk,4211.53
531,4274,Palo Alto,644.9
532,4275,Marion,1701.3
533,4277,Plymouth,6819.68
534,4279,Keokuk,515.67
535,4283,Linn,1025.49
536,4284,Hardin,2129.25
537,4285,Chickasaw,1942.94
538,4289,Allamakee,1635.28
539,4291,Union,7988.12
540,4293,Wapello,1090.77
541,4295,Polk,312.82
542,4296,Van Buren,2252.59
543,4297,Linn,2802.84
544,4298,Tama,1025.16
545,4299,Linn,1633.13
546,4300,Mahaska,4545.5
547,4301,Polk,4579.48
548,4303,Des Moines,2319.91
549,4306,Franklin,1198.38
550,4307,Harrison,2709.88
551,4308,Johnson,1102.7
552,4310,Cherokee,2007.39
553,4311,Webster,5277.62
554,4312,Pottawattamie,31699.03
555,4313,Cass,4750.82
556,4315,Washington,746.88
557,4317,Adair,2832.74
558,4318,Montgomery,2757.27
559,4319,Humboldt,1406.61
560,4320,Boone,4640.62
561,4321,Floyd,799.27
562,4324,Webster,1840.02
563,4325,Montgomery,807.37
564,4326,Hamilton,1256.69
565,4334,Dubuque,5211.63
566,4336,Lyon,1080.36
567,4337,Lyon,1986.83
568,4338,Marshall,94.2
569,4343,Polk,2244.01
570,4344,Polk,4559.5
571,4345,Poweshiek,3373.9
572,4346,Benton,2128.92
573,4351,Cerro Gordo,438.0
574,4353,Cerro Gordo,1099.05
575,4355,Story,549.4
576,4356,Story,231.18
577,4357,Story,1760.1
578,4358,Wright,666.66
579,4359,Dallas,1249.3
580,4360,Jasper,838.12
581,4361,Polk,1824.89
582,4362,Polk,1690.26
583,4364,Poweshiek,563.02
584,4365,Poweshiek,145.52
585,4366,Johnson,947.87
586,4367,Cerro Gordo,433.26
587,4368,Polk,737.89
588,4369,Warren,1361.99
589,4370,Warren,1537.35
590,4371,Polk,1451.82
591,4372,Cerro Gordo,1173.36
592,4373,Polk,1884.66
593,4374,Polk,985.76
594,4375,Polk,1264.34
595,4376,Cerro Gordo,2038.07
596,4377,Polk,1223.32
597,4378,Dallas,989.58
598,4379,Polk,1732.77
599,4380,Cedar,658.23
600,4382,Polk,1379.87
601,4384,Dallas,1533.61
602,4385,Warren,479.94
603,4387,Dickinson,870.52
604,4388,Polk,666.53
605,4392,Polk,2117.19
606,4393,Polk,523.55
607,4395,Hamilton,1184.64
608,4396,Grundy,321.81
609,4397,Polk,834.45
610,4398,Wright,1733.52
611,4401,Linn,931.17
612,4402,Washington,2870.56
613,4404,Polk,878.85
614,4405,Polk,1698.43
615,4406,Polk,1337.57
616,4408,Boone,857.61
617,4409,Boone,636.77
618,4410,Boone,1229.67
619,4411,Dallas,1139.38
620,4412,Cedar,163.55
621,4413,Louisa,681.96
622,4414,Pottawattamie,1084.11
623,4415,Hardin,840.14
624,4416,Guthrie,1082.97
625,4417,Adair,731.16
626,4418,Pottawattamie,1543.84
627,4419,Decatur,505.31
628,4420,Wapello,838.6
629,4421,Franklin,623.25
630,4424,Des Moines,903.82
631,4426,Marshall,6856.47
632,4427,Johnson,978.27
633,4428,Story,2228.82
634,4429,Jasper,1306.62
635,4430,Webster,245.01
636,4431,Webster,481.37
637,4433,Polk,1273.54
638,4434,Lyon,1795.85
639,4435,Pottawattamie,584.88
640,4436,Story,1788.06
641,4437,Story,1642.55
642,4438,Story,1085.34
643,4439,Linn,1617.7
644,4440,Pottawattamie,855.12
645,4443,Linn,1237.62
646,4444,Woodbury,1444.04
647,4445,Hamilton,755.88
648,4446,Polk,2609.65
649,4447,Polk,2271.38
650,4448,Polk,461.73
651,4449,Polk,489.42
652,4450,Polk,849.75
653,4451,Hamilton,1471.68
654,4452,Woodbury,2467.51
655,4453,Winnebago,2251.34
656,4454,Woodbury,231.12
657,4455,Hardin,726.67
658,4456,Johnson,1075.77
659,4457,Johnson,1231.54
660,4458,Polk,438.8
661,4459,Wright,1713.8
662,4461,Polk,1619.87
663,4462,Winnebago,1094.31
664,4463,Hancock,3741.77
665,4464,Scott,1281.51
666,4466,Fayette,2224.92
667,4467,Muscatine,1154.0
668,4468,Muscatine,669.79
669,4470,Black Hawk,535.11
670,4471,Black Hawk,1112.52
671,4472,Appanoose,1659.95
672,4473,Guthrie,1578.42
673,4474,Pottawattamie,1342.27
674,4475,Pottawattamie,935.97
675,4476,Pottawattamie,1576.2
676,4477,Pottawattamie,454.37
677,4478,Polk,5651.89
678,4480,Clinton,1225.4
679,4481,Johnson,3068.3
680,4482,Warren,1622.8
681,4485,O'Brien,1657.51
682,4487,Linn,1150.26
683,4489,Linn,517.68
684,4490,Linn,1710.49
685,4491,Linn,1065.42
686,4492,Linn,596.43
687,4493,Linn,1611.18
688,4495,Grundy,1932.1
689,4496,Linn,1930.58
690,4498,Buchanan,278.52
691,4499,Dickinson,356.64
692,4500,Johnson,538.92
693,4501,Jefferson,581.55
694,4502,Black Hawk,3414.96
695,4503,Pottawattamie,562.94
696,4504,Warren,2005.74
697,4505,Polk,1208.64
698,4506,Johnson,1452.17
699,4508,Clay,892.44
700,4509,Story,14710.64
701,4510,Mills,913.68
702,4511,Polk,940.65
703,4512,Black Hawk,490.44
704,4513,Polk,182.3
705,4514,Webster,1417.6
706,4515,Wright,190.32
707,4516,Pottawattamie,1533.0
708,4517,Linn,1266.36
709,4518,Polk,1177.5
710,4519,Polk,1572.96
711,4520,Story,1210.2
712,4521,Greene,1003.5
713,4522,Jasper,372.16
714,4523,Audubon,338.34
715,4524,Floyd,119.22
716,4525,Plymouth,1154.13
717,4527,Humboldt,298.8
718,4528,Marshall,90.0
719,4529,Winnebago,238.8
720,4530,Linn,585.21
721,4531,Union,538.32
722,4532,Buena Vista,221.28
723,4533,Mitchell,648.42
724,4535,Dubuque,834.84
725,4536,Dubuque,604.25
726,4537,Decatur,1237.64
727,4538,Butler,539.16
728,4539,Greene,959.01
729,4540,Jackson,551.0
730,4541,Clinton,175.2
731,4542,Pocahontas,289.8
732,4543,Linn,689.22
733,4544,Clarke,138.6
734,4545,Pottawattamie,1976.08
735,4546,Carroll,551.4
736,4547,Franklin,2240.13
737,4548,Linn,277.68
738,4549,Story,755.16
739,4551,Benton,745.87
740,4552,Scott,1061.7
741,4553,Franklin,571.2
742,4554,Woodbury,469.89
743,4555,Lee,230.88
744,4556,Wright,1273.8
745,4557,Tama,1875.89
746,4558,Woodbury,2960.6
747,4559,Mitchell,2688.07
748,4560,Shelby,1158.93
749,4561,Black Hawk,1594.69
750,4562,Cedar,1158.6
751,4563,Sioux,712.34
752,4565,Woodbury,985.71
753,4566,Linn,2613.96
754,4568,Woodbury,3703.06
755,4569,O'Brien,954.18
756,4571,Butler,640.56
757,4573,Fremont,576.0
758,4575,Story,1285.53
759,4576,Dickinson,2569.92
760,4577,Dallas,704.25
761,4578,Van Buren,950.39
762,4580,Washington,1231.84
763,4582,Dickinson,793.04
764,4584,Butler,761.31
765,4585,Dubuque,552.12
766,4588,Woodbury,8367.13
767,4589,Osceola,933.43
768,4590,Black Hawk,747.0
769,4591,Wright,863.16
770,4592,Palo Alto,1233.72
771,4594,Polk,1009.29
772,4595,Polk,1170.8
773,4596,Polk,1647.51
774,4597,Polk,2031.27
775,4598,Polk,1085.82
776,4599,Polk,1366.49
777,4600,Polk,1097.53
778,4601,Polk,1219.84
779,4602,Mills,3481.52
780,4603,Polk,1230.21
781,4604,Jasper,5840.43
782,4605,Linn,975.68
783,4607,Clayton,1146.12
784,4608,Pottawattamie,1003.69
785,4609,Polk,835.97
786,4612,Scott,704.08
787,4613,Carroll,1163.37
788,4615,Cerro Gordo,8327.22
789,4617,Polk,6400.99
790,4619,Lee,3223.73
791,4620,Adair,2417.4
792,4621,Story,1094.94
793,4622,Polk,1944.77
794,4623,Dallas,407.52
795,4624,Linn,1152.78
796,4626,Pottawattamie,1297.32
797,4627,Jasper,593.88
798,4628,Fayette,2017.2
799,4629,Mills,1563.51
800,4630,Scott,2462.24
801,4631,Black Hawk,942.36
802,4633,Pottawattamie,1719.92
803,4634,Linn,465.4
804,4635,Linn,881.77
805,4636,Linn,2167.25
806,4637,Linn,1600.29
807,4638,Scott,4122.45
808,4640,Scott,3804.38
809,4641,Polk,2494.59
810,4642,Black Hawk,2963.26
811,4643,Montgomery,397.32
812,4644,Scott,3894.84
813,4645,Scott,529.5
814,4647,Black Hawk,1947.14
815,4648,Black Hawk,6671.43
816,4650,Kossuth,1137.84
817,4651,Hamilton,1029.58
818,4652,Scott,4823.66
819,4653,Greene,556.38
820,4654,Adair,1599.72
821,4655,Jasper,432.18
822,4656,Story,345.0
823,4657,Grundy,1053.54
824,4658,Hardin,516.72
825,4659,Grundy,443.52
826,4660,Linn,1483.71
827,4661,Polk,806.11
828,4662,Linn,1496.32
829,4663,Dubuque,787.78
830,4664,Boone,810.0
831,4665,Polk,2162.58
832,4667,Madison,878.64
833,4668,Cerro Gordo,2594.89
834,4669,Polk,2949.66
835,4670,Bremer,3676.84
836,4673,Lee,5355.36
837,4674,Story,1781.1
838,4675,Story,1993.48
839,4676,Woodbury,1933.9
840,4677,Johnson,14280.66
841,4678,Dallas,7575.77
842,4679,Linn,1166.7
843,4684,Warren,1800.03
844,4685,Dubuque,508.19
845,4686,Clinton,528.54
846,4687,Linn,1057.71
847,4688,Carroll,1141.14
848,4689,Lee,173.76
849,4690,Jackson,456.3
850,4692,Lee,591.0
851,4694,Scott,2303.31
852,4695,Polk,472.08
853,4696,Polk,1408.31
854,4697,Johnson,5188.1
855,4698,Jefferson,1435.11
856,4699,Scott,877.62
857,4700,Butler,978.96
858,4701,Boone,924.95
859,4702,Webster,301.8
860,4703,Woodbury,835.14
861,4704,Pottawattamie,1932.32
862,4705,Johnson,1348.8
863,4706,Clinton,188.16
864,4707,Clinton,193.26
865,4708,Mills,3574.26
866,4709,Story,1546.68
867,4710,Dubuque,1343.24
868,4711,Dubuque,1008.24
869,4712,Dubuque,1310.58
870,4713,Johnson,930.84
871,4714,Warren,605.16
872,4715,Polk,909.78
873,4716,Clay,372.84
874,4717,Scott,638.91
875,4718,Polk,1172.4
876,4719,Polk,822.6
877,4720,Lucas,1397.7
878,4721,Des Moines,806.28
879,4722,Des Moines,309.48
880,4723,Black Hawk,1664.7
881,4724,Jasper,865.14
882,4725,Polk,2032.52
883,4726,Polk,1838.68
884,4727,Polk,732.66
885,4728,Johnson,1112.94
886,4730,Polk,918.84
887,4731,Polk,2425.14
888,4732,Polk,731.52
889,4733,Polk,1406.16
890,4734,Polk,889.5
891,4735,Wapello,1485.0
892,4736,Linn,579.6
893,4737,Buena Vista,148.68
894,4738,Pottawattamie,1016.29
895,4739,Pottawattamie,618.6
896,4740,Pottawattamie,2343.12
897,4741,Pottawattamie,875.16
898,4742,Pottawattamie,249.12
899,4743,Pottawattamie,3691.45
900,4744,Linn,1111.8
901,4745,Linn,1131.54
902,4746,Muscatine,1441.2
903,4747,Scott,3849.3
904,4748,Scott,892.6
905,4749,Scott,622.32
906,4750,Scott,666.78
907,4751,Scott,582.3
908,4752,Des Moines,3532.34
909,4753,Adair,162.0
910,4754,Bremer,474.0
911,4755,Cerro Gordo,900.84
912,4756,Marshall,1255.98
913,4757,Polk,1947.75
914,4759,Black Hawk,350.88
915,4760,Black Hawk,509.1
916,4761,Black Hawk,294.84
917,4762,Winneshiek,2503.02
918,4764,Webster,3184.28
919,4765,Dubuque,406.66
920,4766,Dubuque,30.6
921,4767,Polk,636.59
922,4768,Polk,718.48
923,4769,Howard,1143.54
924,4770,Black Hawk,515.64
925,4771,Linn,1104.84
926,4773,Polk,1406.38
927,4774,Emmet,1402.77
928,4775,Humboldt,514.82
929,4777,O'Brien,161.49
930,4779,Ringgold,303.18
931,4780,Hancock,977.76
932,4781,Sac,532.02
933,4782,Decatur,1101.72
934,4783,Palo Alto,345.66
935,4785,Pottawattamie,2840.1
936,4786,Madison,242.24
937,4787,Johnson,1429.01
938,4788,Linn,851.28
939,4789,Marion,69.06
940,4790,Des Moines,459.03
941,4791,Woodbury,124.2
942,4792,Dallas,416.4
943,4793,Lee,1441.46
944,4794,Des Moines,5877.69
945,4795,Polk,2734.56
946,4796,Polk,698.1
947,4797,Polk,575.4
948,4798,Polk,1680.78
949,4799,Polk,1111.92
950,4800,Polk,947.28
951,4801,Polk,2649.9
952,4802,Polk,4505.28
953,4803,Polk,2478.6
954,4804,Polk,1084.62
955,4805,Webster,3279.92
956,4806,Muscatine,2770.57
957,4807,Iowa,3396.6
958,4808,Pottawattamie,2296.62
959,4810,Polk,1878.47
960,4813,Clinton,1694.93
961,4817,Marion,193.14
962,4818,Winneshiek,2488.95
963,4819,Polk,4114.21
964,4820,Lyon,2129.09
965,4821,Mahaska,915.08
966,4823,Union,849.21
967,4824,Union,2247.54
968,4825,Clarke,641.28
969,4827,Johnson,2229.96
970,4828,Marshall,3079.32
971,4829,Polk,210340.17
972,4831,Boone,715.94
973,4836,Johnson,1511.34
974,4837,Johnson,2564.85
975,4838,Boone,332.04
976,4839,Worth,7967.81
977,4840,Black Hawk,846.64
978,4841,Scott,2824.02
979,4843,Muscatine,139.1
980,4844,Johnson,143.63
981,4845,Linn,2709.2
982,4846,Monona,596.94
983,4847,Scott,2464.39
984,4848,Madison,565.0
985,4849,Polk,5641.92
986,4852,Linn,584.98
987,4853,Polk,779.73
988,4854,Emmet,351.18
989,4856,Linn,2602.8
990,4857,Des Moines,422.24
991,4858,Des Moines,258.54
992,4859,Des Moines,1018.84
993,4861,Linn,1836.25
994,4862,Plymouth,1425.36
995,4864,Clinton,4146.66
996,4866,Pottawattamie,2685.36
997,4867,Pottawattamie,2418.8
998,4868,Dallas,872.57
999,4869,Clayton,1430.29
1000,4872,Madison,255.42
1001,4873,Dallas,1049.21
1002,4874,Henry,2157.7
1003,4876,Linn,3622.26
1004,4877,Polk,5166.99
1005,4878,O'Brien,1496.49
1006,4879,Woodbury,9289.53
1007,4880,Cass,498.51
1008,4882,Madison,1144.32
1009,4883,Keokuk,815.07
1010,4884,Woodbury,1121.34
1011,4885,Jackson,1190.15
1012,4887,Polk,554.22
1013,4888,Woodbury,921.76
1014,4890,Polk,274.11
1015,4891,Osceola,4967.5
1016,4892,Scott,2823.56
1017,4893,Polk,942.0
1018,4895,Linn,3987.14
1019,4896,Allamakee,883.47
1020,4897,Des Moines,5723.36
1021,4898,Des Moines,2637.58
1022,4899,Palo Alto,1162.96
1023,4900,Black Hawk,6179.35
1024,4901,Polk,1702.88
1025,4902,Black Hawk,2287.78
1026,4904,Lyon,1091.66
1027,4905,Calhoun,769.29
1028,4907,Black Hawk,1616.06
1029,4908,Clayton,623.48
1030,4909,Sioux,1916.99
1031,4910,Black Hawk,3096.92
1032,4911,Scott,270.65
1033,4912,Scott,974.5
1034,4914,Black Hawk,2690.5
1035,4915,Scott,221.45
1036,4917,Dallas,663.83
1037,4919,Polk,1037.91
1038,4921,Linn,1064.08
1039,4923,Cherokee,558.24
1040,4924,Chickasaw,1387.8
1041,4925,Polk,958.32
1042,4926,Polk,429.54
1043,4927,Polk,763.95
1044,4929,Dallas,511.56
1045,4930,Boone,526.98
1046,4932,Black Hawk,2259.59
1047,4933,Des Moines,285.88
1048,4934,Linn,976.56
1049,4935,Black Hawk,2543.4
1050,4937,Page,860.16
1051,4938,Buchanan,523.08
1052,4940,Polk,691.03
1053,4941,Polk,2697.72
1054,4942,Polk,1279.5
1055,4943,Wapello,309.11
1056,4944,Warren,308.88
1057,4945,Mitchell,2767.47
1058,4947,Black Hawk,4010.75
1059,4948,Clinton,771.04
1060,4949,Scott,1900.06
1061,4950,Linn,2065.23
1062,4952,Scott,1641.66
1063,4953,Clinton,632.34
1064,4956,Linn,1262.83
1065,4957,Sac,544.2
1066,4958,Black Hawk,2337.93
1067,4959,Black Hawk,4032.16
1068,4960,Story,1038.92
1069,4961,Dubuque,196.66
1070,4962,Scott,6808.53
1071,4967,Scott,1702.39
1072,4968,Poweshiek,60.12
1073,4969,Cerro Gordo,22878.49
1074,4970,Muscatine,1690.07
1075,4971,Polk,5369.7
1076,4972,Clayton,1331.76
1077,4973,Fayette,5958.03
1078,4974,Polk,1787.28
1079,4975,Woodbury,546.66
1080,4978,Black Hawk,1502.4
1081,4979,Linn,1057.26
1082,4980,Black Hawk,410.88
1083,4981,Tama,1214.88
1084,4982,Buena Vista,188.4
1085,4983,Des Moines,395.76
1086,4984,Muscatine,1907.1
1087,4985,Plymouth,469.29
1088,4986,Floyd,5891.12
1089,4987,Story,318.09
1090,4988,Black Hawk,11623.02
1091,4989,Johnson,419.22
1092,4991,Clayton,1252.08
1093,4992,Des Moines,510.4
1094,4993,Lee,2628.1
1095,4995,Shelby,811.8
1096,4996,Dubuque,64.8
1097,4997,Polk,6011.06
1098,4998,Calhoun,4200.34
1099,4999,Butler,860.54
1100,5000,Story,727.68
1101,5001,Buchanan,2600.1
1102,5003,Scott,4683.55
1103,5004,Ida,2351.94
1104,5005,Pocahontas,2563.8
1105,5006,Dubuque,94.5
1106,5007,Bremer,1295.94
1107,5009,Johnson,748.34
1108,5010,Sac,1570.59
1109,5011,Iowa,902.55
1110,5012,Boone,1093.07
1111,5013,Scott,2930.06
1112,5014,Johnson,2242.27
1113,5017,Allamakee,2416.04
1114,5018,Scott,6206.88
1115,5019,Jackson,969.0
1116,5020,Cedar,1615.68
1117,5021,Dickinson,944.98
1118,5022,Polk,1467.77
1119,5023,Linn,732.96
1120,5024,Linn,412.56
1121,5025,Linn,477.12
1122,5027,Woodbury,4128.76
1123,5028,Buena Vista,2136.23
1124,5029,Scott,6417.21
1125,5031,Black Hawk,1372.56
1126,5034,Cerro Gordo,4670.17
1127,5035,Pottawattamie,542.76
1128,5037,Greene,1821.99
1129,5039,Johnson,896.28
1130,5040,Muscatine,657.3
1131,5041,Poweshiek,1890.24
1132,5042,Dubuque,3208.76
1133,5043,Black Hawk,2936.58
1134,5044,Pottawattamie,764.02
1135,5045,Woodbury,1945.9
1136,5046,Lee,1173.36
1137,5047,Linn,99.18
1138,5048,Pocahontas,1206.52
1139,5050,Warren,2822.06
1140,5051,Polk,1519.15
1141,5052,Adair,404.46
1142,5054,Delaware,11029.8
1143,5055,Franklin,347.4
1144,5057,Polk,1295.7
1145,5058,Polk,971.38
1146,5059,Wayne,246.75
1147,5060,Johnson,1701.02
1148,5061,Linn,377.52
1149,5062,Lee,646.79
1150,5063,Black Hawk,3635.96
1151,5064,Linn,705.84
1152,5065,Woodbury,576.17
1153,5066,Dubuque,214.56
1154,5067,Buena Vista,2013.8
1155,5068,Dickinson,4450.02
1156,5069,Winnebago,555.18
1157,5070,Muscatine,1999.78
1158,5071,Cedar,1719.36
1159,5072,Henry,1588.56
1160,5073,Linn,1816.44
1161,5074,Linn,477.24
1162,5075,Mahaska,1244.88
1163,5076,Woodbury,951.05
1164,5077,Pottawattamie,9402.12
1165,5078,Pottawattamie,81.4
1166,5079,Crawford,200.46
1167,5080,Clay,5726.56
1168,5081,Cass,881.73
1169,5082,Cass,64.8
1170,5083,Woodbury,672.22
1171,5086,Woodbury,1873.83
1172,5087,Harrison,265.82
1173,5088,Sioux,430.35
1174,5089,Harrison,880.27
1175,5090,Muscatine,978.38
1176,5091,Muscatine,833.09
1177,5092,Polk,988.56
1178,5094,Linn,482.82
1179,5095,Pottawattamie,734.64
1180,5096,Johnson,1087.62
1181,5097,Linn,1665.66
1182,5098,Polk,2907.37
1183,5099,Polk,171.93
1184,5100,Scott,3322.68
1185,5101,Black Hawk,2994.37
1186,5102,Linn,52073.64
1187,5103,Muscatine,733.19
1188,5104,Dickinson,317.33
1189,5105,Johnson,14971.97
1190,5106,Clinton,9190.76
1191,5107,Polk,1208.83
1192,5108,Scott,2147.11
1193,5109,Warren,243.6
1194,5110,Taylor,1420.7
1195,5111,Johnson,717.96
1196,5112,Lyon,1002.24
1197,5113,Black Hawk,2137.63
1198,5114,Harrison,1064.64
1199,5115,Worth,806.1
1200,5116,Webster,4741.18
1201,5117,Marshall,2011.58
1202,5118,Dubuque,213.92
1203,5119,Hancock,527.64
1204,5120,Monona,921.36
1205,5121,Floyd,6766.84
1206,5123,Dallas,2925.3
1207,5124,Polk,8163.12
1208,5125,Polk,10050.3
1209,5126,Polk,8999.67
1210,5127,Polk,17136.18
1211,5128,Polk,7052.07
1212,5129,Polk,9114.33
1213,5130,Scott,246.4
1214,5131,Polk,5768.63
1215,5132,Polk,1863.34
1216,5133,Sioux,1679.25
1217,5134,Floyd,733.35
1218,5135,Story,2236.74
1219,5137,Polk,558.66
1220,5138,Jasper,754.14
1221,5140,Cherokee,4359.27
1222,5141,Webster,179.28
1223,5142,Linn,3382.56
1224,5144,Polk,38563.2
1225,5145,Polk,7983.43
1226,5146,Polk,2472.83
1227,5147,Poweshiek,256.8
1228,5148,Dubuque,3147.12
1229,5149,Des Moines,1833.63
1230,5150,Poweshiek,135.66
1231,5151,Ida,3095.5
1232,5152,Black Hawk,516.9
1233,5153,Lyon,1090.28
1234,5154,Dickinson,561.12
1235,5155,Black Hawk,1836.99
1236,5157,Calhoun,417.6
1237,5159,Calhoun,416.82
1238,5160,Wapello,982.5
1239,5162,Polk,5734.68
1240,5163,Henry,672.53
1241,5164,Pottawattamie,1770.77
1242,5165,Winnebago,2067.0
1243,5166,Marshall,3986.11
1244,5167,Webster,5936.24
1245,5169,Polk,1304.87
1246,5170,Marshall,196.02
1247,5171,Delaware,1251.06
1248,5172,Linn,6027.95
1249,5173,Audubon,2887.94
1250,5174,Black Hawk,1421.45
1251,5175,Delaware,299.89
1252,5176,Linn,3339.04
1253,5177,Pottawattamie,325.5
1254,5178,Muscatine,83.94
1255,5179,Jasper,1114.89
1256,5180,Fayette,2031.87
1257,5181,Bremer,415.92
1258,5182,Pottawattamie,232.18
1259,5183,Dubuque,182.16
1260,5185,Johnson,508.68
1261,5186,Fayette,340.8
1262,5187,Story,1389.6
1263,5188,Woodbury,726.9
1264,5189,Polk,68.4
1265,5190,Linn,1722.91
1266,5191,Guthrie,164.76
1267,5192,Linn,33.6
1268,5195,Pottawattamie,92.5
1269,5196,Johnson,292.28
1270,5198,Scott,7058.99
1271,5199,Fayette,3250.4
1272,5202,Black Hawk,407.61
1273,5203,Carroll,2988.03
1274,5204,Des Moines,1793.26
1275,5205,Carroll,323.14
1276,5206,Grundy,2211.73
1277,5207,Linn,5455.23
1278,5208,Cass,385.62
1279,5210,Page,6767.32
1280,5211,Polk,1210.13
1281,5212,Cerro Gordo,778.84
1282,5213,Lee,462.38
1283,5214,Linn,1652.94
1284,5215,Scott,2207.05
1285,5216,UN_COUNTY,159.48
1286,5217,UN_COUNTY,469.62
1287,5218,Lucas,19.2
1288,5220,Cerro Gordo,1516.17
1289,5222,Linn,9948.72
1290,5223,UN_COUNTY,327.18
1291,5224,Johnson,2595.98
1292,5225,Johnson,745.65
1293,5226,Scott,1746.09
1294,5227,Clinton,1717.53
1295,5229,Warren,510.66
1296,5230,Linn,3441.31
1297,5232,Audubon,186.69
1298,5233,Marion,284.85
1299,5234,Dubuque,525.0
1300,5236,Jones,4257.62
1301,5237,Webster,1341.93
1302,5240,Cedar,477.6
1303,5247,Cerro Gordo,278.06
1304,9001,Johnson,708.24
1305,9002,Scott,1382.64
1306,9010,Warren,177.48
1307,9013,Warren,361.56
1308,9023,Carroll,633.36
